instance,row_type,remaining_iters,count,sat_wins,cplex_wins,ties,sat_win_rate,cplex_win_rate,sat_wall_mean,cplex_wall_mean,sat_wall_median,cplex_wall_median,sat_cpu_mean,cplex_cpu_mean,mismatches,threshold,policy,total_hybrid_wall,sat_steps,cplex_steps
u1060,remaining_iters_summary,18,1,1,0,0,1.0,0.0,0.0032336429867427796,0.470585036004195,0.0032336429867427796,0.470585036004195,0.002877999999999936,0.24020900000000012,0,,,,,
u1060,remaining_iters_summary,17,1,1,0,0,1.0,0.0,0.006290215998888016,0.5458963639975991,0.006290215998888016,0.5458963639975991,0.0060189999999997745,0.3623719999999997,0,,,,,
u1060,remaining_iters_summary,16,1,1,0,0,1.0,0.0,0.012520251009846106,0.41081447098986246,0.012520251009846106,0.41081447098986246,0.0122829999999996,0.2406480000000002,0,,,,,
u1060,remaining_iters_summary,15,1,1,0,0,1.0,0.0,0.02026660699630156,0.3374505359970499,0.02026660699630156,0.3374505359970499,0.019999000000000322,0.18307899999999977,0,,,,,
u1060,remaining_iters_summary,14,1,1,0,0,1.0,0.0,0.07396945400978439,0.353740259015467,0.07396945400978439,0.353740259015467,0.07372200000000007,0.20751399999999975,0,,,,,
u1060,remaining_iters_summary,13,1,1,0,0,1.0,0.0,0.13559578798594885,0.3793271649919916,0.13559578798594885,0.3793271649919916,0.13533399999999984,0.2252489999999998,0,,,,,
u1060,remaining_iters_summary,12,1,1,0,0,1.0,0.0,0.3036037080164533,0.39144918200327083,0.3036037080164533,0.39144918200327083,0.3033330000000003,0.24237999999999982,0,,,,,
u1060,remaining_iters_summary,11,1,1,0,0,1.0,0.0,0.19639909800025634,0.39543925298494287,0.19639909800025634,0.39543925298494287,0.1961049999999993,0.24481299999999973,0,,,,,
u1060,remaining_iters_summary,10,1,1,0,0,1.0,0.0,0.2656606349919457,0.4096758309751749,0.2656606349919457,0.4096758309751749,0.2653680000000005,0.21268500000000046,0,,,,,
u1060,remaining_iters_summary,9,1,1,0,0,1.0,0.0,0.3497700689767953,0.3884208009985741,0.3497700689767953,0.3884208009985741,0.34946000000000055,0.23940500000000053,0,,,,,
u1060,remaining_iters_summary,8,1,1,0,0,1.0,0.0,0.2976279760187026,0.3804733460128773,0.2976279760187026,0.3804733460128773,0.2973209999999993,0.22931100000000093,0,,,,,
u1060,remaining_iters_summary,7,1,1,0,0,1.0,0.0,0.0029967930167913437,0.3849369869858492,0.0029967930167913437,0.3849369869858492,0.0027290000000004255,0.233271000000002,0,,,,,
u1060,remaining_iters_summary,5,1,1,0,0,1.0,0.0,0.0025687660090625286,0.37180374198942445,0.0025687660090625286,0.37180374198942445,0.0023330000000001405,0.22368000000000166,0,,,,,
u1060,remaining_iters_summary,4,1,1,0,0,1.0,0.0,0.002611503005027771,0.3784436339919921,0.002611503005027771,0.3784436339919921,0.002361999999999753,0.22606200000000065,0,,,,,
u1060,remaining_iters_summary,3,1,1,0,0,1.0,0.0,0.002669235982466489,0.3761541490093805,0.002669235982466489,0.3761541490093805,0.0023869999999988067,0.22444299999999906,0,,,,,
u1060,remaining_iters_summary,2,1,1,0,0,1.0,0.0,0.002677408017916605,0.3819324559881352,0.002677408017916605,0.3819324559881352,0.0024010000000007636,0.22844500000000068,0,,,,,
u1060,remaining_iters_summary,1,1,1,0,0,1.0,0.0,0.0026867880078498274,0.37844081001821905,0.0026867880078498274,0.37844081001821905,0.0024380000000014945,0.22680700000000087,0,,,,,
u1060,remaining_iters_summary,0,1,0,1,0,0.0,1.0,0.48926879701321013,0.3886336669966113,0.48926879701321013,0.3886336669966113,0.48897499999999994,0.23926900000000018,0,,,,,
u1060,threshold_simulation,,,,,,,,,,,,,,,0,use SAT if remaining_iters > T else CPLEX,2.069781606027391,17,1
u1060,threshold_simulation,,,,,,,,,,,,,,,1,use SAT if remaining_iters > T else CPLEX,2.44553562803776,16,2
u1060,threshold_simulation,,,,,,,,,,,,,,,2,use SAT if remaining_iters > T else CPLEX,2.8247906760079786,15,3
u1060,threshold_simulation,,,,,,,,,,,,,,,3,use SAT if remaining_iters > T else CPLEX,3.1982755890348926,14,4
u1060,threshold_simulation,,,,,,,,,,,,,,,4,use SAT if remaining_iters > T else CPLEX,3.574107720021857,13,5
u1060,threshold_simulation,,,,,,,,,,,,,,,5,use SAT if remaining_iters > T else CPLEX,3.943342696002219,12,6
u1060,threshold_simulation,,,,,,,,,,,,,,,6,use SAT if remaining_iters > T else CPLEX,3.943342696002219,12,6
u1060,threshold_simulation,,,,,,,,,,,,,,,7,use SAT if remaining_iters > T else CPLEX,4.325282889971277,11,7
u1060,threshold_simulation,,,,,,,,,,,,,,,8,use SAT if remaining_iters > T else CPLEX,4.408128259965451,10,8
u1060,threshold_simulation,,,,,,,,,,,,,,,9,use SAT if remaining_iters > T else CPLEX,4.44677899198723,9,9
u1060,threshold_simulation,,,,,,,,,,,,,,,10,use SAT if remaining_iters > T else CPLEX,4.5907941879704595,8,10
u1060,threshold_simulation,,,,,,,,,,,,,,,11,use SAT if remaining_iters > T else CPLEX,4.789834342955146,7,11
u1060,threshold_simulation,,,,,,,,,,,,,,,12,use SAT if remaining_iters > T else CPLEX,4.8776798169419635,6,12
u1060,threshold_simulation,,,,,,,,,,,,,,,13,use SAT if remaining_iters > T else CPLEX,5.121411193948006,5,13
u1060,threshold_simulation,,,,,,,,,,,,,,,14,use SAT if remaining_iters > T else CPLEX,5.401181998953689,4,14
u1060,threshold_simulation,,,,,,,,,,,,,,,15,use SAT if remaining_iters > T else CPLEX,5.718365927954437,3,15
u1060,threshold_simulation,,,,,,,,,,,,,,,16,use SAT if remaining_iters > T else CPLEX,6.116660147934454,2,16
u1060,threshold_simulation,,,,,,,,,,,,,,,17,use SAT if remaining_iters > T else CPLEX,6.656266295933165,1,17
u1060,threshold_simulation,,,,,,,,,,,,,,,18,use SAT if remaining_iters > T else CPLEX,7.123617688950617,0,18
u1060,remaining_iters_summary,18,1,1,0,0,1.0,0.0,0.0056384770141448826,0.46209221400204115,0.0056384770141448826,0.46209221400204115,0.005354999999999777,0.23760899999999907,0,,,,,
u1060,remaining_iters_summary,17,1,1,0,0,1.0,0.0,0.0036500189744401723,0.5600581449980382,0.0036500189744401723,0.5600581449980382,0.003385999999999001,0.36286100000000054,0,,,,,
u1060,remaining_iters_summary,16,1,1,0,0,1.0,0.0,0.003936858003726229,0.40942780501791276,0.003936858003726229,0.40942780501791276,0.0036459999999980397,0.23784199999999878,0,,,,,
u1060,remaining_iters_summary,15,1,1,0,0,1.0,0.0,0.004267674987204373,0.3443580389721319,0.004267674987204373,0.3443580389721319,0.003985999999999379,0.18330400000000147,0,,,,,
u1060,remaining_iters_summary,14,1,1,0,0,1.0,0.0,0.013122707983711734,0.3586639080021996,0.013122707983711734,0.3586639080021996,0.012878999999999863,0.20688900000000032,0,,,,,
u1060,remaining_iters_summary,13,1,0,1,0,0.0,1.0,0.31773629499366507,0.279885274998378,0.31773629499366507,0.279885274998378,0.3174539999999979,0.13105199999999861,0,,,,,
u1060,remaining_iters_summary,12,1,1,0,0,1.0,0.0,0.2470528639969416,0.3627797429799102,0.2470528639969416,0.3627797429799102,0.24670799999999993,0.20873500000000078,0,,,,,
u1060,remaining_iters_summary,11,1,0,1,0,0.0,1.0,1.930402238998795,0.8283202509919647,1.930402238998795,0.8283202509919647,1.9299959999999956,0.6757239999999989,0,,,,,
u1060,remaining_iters_summary,10,1,0,1,0,0.0,1.0,1.1535302080155816,0.3711147260037251,1.1535302080155816,0.3711147260037251,1.1532000000000018,0.21839200000000147,0,,,,,
u1060,remaining_iters_summary,9,1,0,1,0,0.0,1.0,1.3471179439802654,0.5971674589964096,1.3471179439802654,0.5971674589964096,1.3467579999999977,0.4457729999999991,0,,,,,
u1060,remaining_iters_summary,8,1,0,1,0,0.0,1.0,4.554162918007933,0.4732851790031418,4.554162918007933,0.4732851790031418,4.553714000000003,0.3236659999999958,0,,,,,
u1060,remaining_iters_summary,7,1,0,1,0,0.0,1.0,4.746395855996525,0.8609261300007347,4.746395855996525,0.8609261300007347,4.745790000000003,0.7111599999999996,0,,,,,
u1060,remaining_iters_summary,5,1,0,1,0,0.0,1.0,5.641082012996776,0.9289769479946699,5.641082012996776,0.9289769479946699,5.640557000000001,0.7748239999999953,0,,,,,
u1060,remaining_iters_summary,4,1,0,1,0,0.0,1.0,5.929927635996137,0.5951670719950926,5.929927635996137,0.5951670719950926,5.929348999999995,0.4440310000000025,0,,,,,
u1060,remaining_iters_summary,3,1,0,1,0,0.0,1.0,6.674179319990799,0.7989318610052578,6.674179319990799,0.7989318610052578,6.673483999999995,0.6495339999999956,0,,,,,
u1060,remaining_iters_summary,2,1,0,1,0,0.0,1.0,5.112272091995692,0.9646596550010145,5.112272091995692,0.9646596550010145,5.111787999999997,0.8144339999999985,0,,,,,
u1060,remaining_iters_summary,0,1,0,1,0,0.0,1.0,6.217286688974127,0.9260481490055099,6.217286688974127,0.9260481490055099,6.216766999999997,0.7756530000000055,0,,,,,
u1060,threshold_simulation,,,,,,,,,,,,,,,0,use SAT if remaining_iters > T else CPLEX,38.61052327093785,16,1
u1060,threshold_simulation,,,,,,,,,,,,,,,1,use SAT if remaining_iters > T else CPLEX,38.61052327093785,16,1
u1060,threshold_simulation,,,,,,,,,,,,,,,2,use SAT if remaining_iters > T else CPLEX,34.46291083394317,15,2
u1060,threshold_simulation,,,,,,,,,,,,,,,3,use SAT if remaining_iters > T else CPLEX,28.58766337495763,14,3
u1060,threshold_simulation,,,,,,,,,,,,,,,4,use SAT if remaining_iters > T else CPLEX,23.252902810956584,13,4
u1060,threshold_simulation,,,,,,,,,,,,,,,5,use SAT if remaining_iters > T else CPLEX,18.540797745954478,12,5
u1060,threshold_simulation,,,,,,,,,,,,,,,6,use SAT if remaining_iters > T else CPLEX,18.540797745954478,12,5
u1060,threshold_simulation,,,,,,,,,,,,,,,7,use SAT if remaining_iters > T else CPLEX,14.655328019958688,11,6
u1060,threshold_simulation,,,,,,,,,,,,,,,8,use SAT if remaining_iters > T else CPLEX,10.574450280953897,10,7
u1060,threshold_simulation,,,,,,,,,,,,,,,9,use SAT if remaining_iters > T else CPLEX,9.824499795970041,9,8
u1060,threshold_simulation,,,,,,,,,,,,,,,10,use SAT if remaining_iters > T else CPLEX,9.042084313958185,8,9
u1060,threshold_simulation,,,,,,,,,,,,,,,11,use SAT if remaining_iters > T else CPLEX,7.940002325951355,7,10
u1060,threshold_simulation,,,,,,,,,,,,,,,12,use SAT if remaining_iters > T else CPLEX,8.055729204934323,6,11
u1060,threshold_simulation,,,,,,,,,,,,,,,13,use SAT if remaining_iters > T else CPLEX,8.017878184939036,5,12
u1060,threshold_simulation,,,,,,,,,,,,,,,14,use SAT if remaining_iters > T else CPLEX,8.363419384957524,4,13
u1060,threshold_simulation,,,,,,,,,,,,,,,15,use SAT if remaining_iters > T else CPLEX,8.703509748942452,3,14
u1060,threshold_simulation,,,,,,,,,,,,,,,16,use SAT if remaining_iters > T else CPLEX,9.109000695956638,2,15
u1060,threshold_simulation,,,,,,,,,,,,,,,17,use SAT if remaining_iters > T else CPLEX,9.665408821980236,1,16
u1060,threshold_simulation,,,,,,,,,,,,,,,18,use SAT if remaining_iters > T else CPLEX,10.121862558968132,0,17
u1060,remaining_iters_summary,18,1,1,0,0,1.0,0.0,0.00819400098407641,0.4685804609907791,0.00819400098407641,0.4685804609907791,0.007937999999995782,0.23305600000000481,0,,,,,
u1060,remaining_iters_summary,17,1,1,0,0,1.0,0.0,0.006125373009126633,0.5558647089928854,0.006125373009126633,0.5558647089928854,0.005859000000000947,0.3593610000000069,0,,,,,
u1060,remaining_iters_summary,16,1,1,0,0,1.0,0.0,0.013761481997789815,0.4205555299995467,0.013761481997789815,0.4205555299995467,0.013472000000007256,0.2385500000000178,0,,,,,
u1060,remaining_iters_summary,15,1,1,0,0,1.0,0.0,0.003669316996820271,0.3509631939814426,0.003669316996820271,0.3509631939814426,0.0034129999999947813,0.1838289999999887,0,,,,,
u1060,remaining_iters_summary,14,1,1,0,0,1.0,0.0,0.004503077012486756,0.2810127109987661,0.004503077012486756,0.2810127109987661,0.00420799999999133,0.1230900000000048,0,,,,,
u1060,remaining_iters_summary,13,1,1,0,0,1.0,0.0,0.07536077400436625,0.3128746270085685,0.07536077400436625,0.3128746270085685,0.07502599999999404,0.15854199999999707,0,,,,,
u1060,remaining_iters_summary,12,1,1,0,0,1.0,0.0,0.049217304011108354,0.2213811810070183,0.049217304011108354,0.2213811810070183,0.04896200000000306,0.07052699999999845,0,,,,,
u1060,remaining_iters_summary,11,1,0,1,0,0.0,1.0,1.2371886360051576,0.58141319398419,1.2371886360051576,0.58141319398419,1.2368759999999952,0.4259230000000116,0,,,,,
u1060,remaining_iters_summary,10,1,0,1,0,0.0,1.0,0.5006565859948751,0.2572727279912215,0.5006565859948751,0.2572727279912215,0.5003710000000012,0.10295599999999183,0,,,,,
u1060,remaining_iters_summary,9,1,0,1,0,0.0,1.0,1.2408503309998196,0.2779647360148374,1.2408503309998196,0.2779647360148374,1.2404910000000058,0.12323099999998988,0,,,,,
u1060,remaining_iters_summary,8,1,0,1,0,0.0,1.0,1.4227475319930818,0.28436399600468576,1.4227475319930818,0.28436399600468576,1.4224059999999952,0.13026199999998767,0,,,,,
u1060,remaining_iters_summary,7,1,0,1,0,0.0,1.0,5.279841329989722,0.2988133050093893,5.279841329989722,0.2988133050093893,5.279305999999991,0.14408199999999738,0,,,,,
u1060,remaining_iters_summary,5,1,0,1,0,0.0,1.0,4.34097644299618,1.3519087599997874,4.34097644299618,1.3519087599997874,4.340519999999998,1.1993190000000027,0,,,,,
u1060,remaining_iters_summary,4,1,0,1,0,0.0,1.0,2.0135916239814833,0.5503886709921062,2.0135916239814833,0.5503886709921062,2.0132309999999904,0.3950710000000015,0,,,,,
u1060,remaining_iters_summary,3,1,1,0,0,1.0,0.0,0.004440049990080297,0.5456955789995845,0.004440049990080297,0.5456955789995845,0.00418200000000013,0.38922499999999616,0,,,,,
u1060,remaining_iters_summary,2,1,1,0,0,1.0,0.0,0.004108933004317805,0.5489680820028298,0.004108933004317805,0.5489680820028298,0.003835999999992623,0.3940759999999983,0,,,,,
u1060,remaining_iters_summary,0,1,0,1,0,0.0,1.0,7.454201300977729,1.0921900069806725,7.454201300977729,1.0921900069806725,7.45365000000001,0.9387439999999998,0,,,,,
u1060,threshold_simulation,,,,,,,,,,,,,,,0,use SAT if remaining_iters > T else CPLEX,17.297422799951164,16,1
u1060,threshold_simulation,,,,,,,,,,,,,,,1,use SAT if remaining_iters > T else CPLEX,17.297422799951164,16,1
u1060,threshold_simulation,,,,,,,,,,,,,,,2,use SAT if remaining_iters > T else CPLEX,17.842281948949676,15,2
u1060,threshold_simulation,,,,,,,,,,,,,,,3,use SAT if remaining_iters > T else CPLEX,18.38353747795918,14,3
u1060,threshold_simulation,,,,,,,,,,,,,,,4,use SAT if remaining_iters > T else CPLEX,16.920334524969803,13,4
u1060,threshold_simulation,,,,,,,,,,,,,,,5,use SAT if remaining_iters > T else CPLEX,13.931266841973411,12,5
u1060,threshold_simulation,,,,,,,,,,,,,,,6,use SAT if remaining_iters > T else CPLEX,13.931266841973411,12,5
u1060,threshold_simulation,,,,,,,,,,,,,,,7,use SAT if remaining_iters > T else CPLEX,8.950238816993078,11,6
u1060,threshold_simulation,,,,,,,,,,,,,,,8,use SAT if remaining_iters > T else CPLEX,7.811855281004682,10,7
u1060,threshold_simulation,,,,,,,,,,,,,,,9,use SAT if remaining_iters > T else CPLEX,6.8489696860197,9,8
u1060,threshold_simulation,,,,,,,,,,,,,,,10,use SAT if remaining_iters > T else CPLEX,6.605585828016046,8,9
u1060,threshold_simulation,,,,,,,,,,,,,,,11,use SAT if remaining_iters > T else CPLEX,5.949810385995079,7,10
u1060,threshold_simulation,,,,,,,,,,,,,,,12,use SAT if remaining_iters > T else CPLEX,6.121974262990989,6,11
u1060,threshold_simulation,,,,,,,,,,,,,,,13,use SAT if remaining_iters > T else CPLEX,6.359488115995191,5,12
u1060,threshold_simulation,,,,,,,,,,,,,,,14,use SAT if remaining_iters > T else CPLEX,6.63599774998147,4,13
u1060,threshold_simulation,,,,,,,,,,,,,,,15,use SAT if remaining_iters > T else CPLEX,6.983291626966093,3,14
u1060,threshold_simulation,,,,,,,,,,,,,,,16,use SAT if remaining_iters > T else CPLEX,7.39008567496785,2,15
u1060,threshold_simulation,,,,,,,,,,,,,,,17,use SAT if remaining_iters > T else CPLEX,7.939825010951608,1,16
u1060,threshold_simulation,,,,,,,,,,,,,,,18,use SAT if remaining_iters > T else CPLEX,8.400211470958311,0,17
u1060,remaining_iters_summary,18,1,1,0,0,1.0,0.0,0.0105876789893955,0.46510320200468414,0.0105876789893955,0.46510320200468414,0.01031799999998384,0.23157799999999895,0,,,,,
u1060,remaining_iters_summary,17,1,1,0,0,1.0,0.0,0.007889799016993493,0.5571737609861884,0.007889799016993493,0.5571737609861884,0.007631000000003496,0.3626420000000081,0,,,,,
u1060,remaining_iters_summary,16,1,1,0,0,1.0,0.0,0.04295299100340344,0.4140686639875639,0.04295299100340344,0.4140686639875639,0.04268400000000838,0.23749899999999968,0,,,,,
u1060,remaining_iters_summary,15,1,1,0,0,1.0,0.0,0.02819957199972123,0.34780659098760225,0.02819957199972123,0.34780659098760225,0.027962000000002263,0.1830709999999982,0,,,,,
u1060,remaining_iters_summary,14,1,1,0,0,1.0,0.0,0.006085316999815404,0.28279308500350453,0.006085316999815404,0.28279308500350453,0.00582800000000816,0.12360100000000784,0,,,,,
u1060,remaining_iters_summary,13,1,1,0,0,1.0,0.0,0.012598091008840129,0.22274209701572545,0.012598091008840129,0.22274209701572545,0.01231799999999339,0.06696100000000627,0,,,,,
u1060,remaining_iters_summary,12,1,0,1,0,0.0,1.0,0.8937609310087282,0.24817313000676222,0.8937609310087282,0.24817313000676222,0.8934299999999951,0.09602900000000147,0,,,,,
u1060,remaining_iters_summary,11,1,1,0,0,1.0,0.0,0.15729156401357614,0.288057547993958,0.15729156401357614,0.288057547993958,0.15701099999999713,0.1343700000000041,0,,,,,
u1060,remaining_iters_summary,10,1,0,1,0,0.0,1.0,0.8778838930011261,0.31133185999351554,0.8778838930011261,0.31133185999351554,0.8775399999999962,0.15772499999999923,0,,,,,
u1060,remaining_iters_summary,9,1,0,1,0,0.0,1.0,1.1478601819835603,0.5144556000013836,1.1478601819835603,0.5144556000013836,1.1475360000000023,0.3619190000000003,0,,,,,
u1060,remaining_iters_summary,8,1,0,1,0,0.0,1.0,4.993205184000544,0.7104042430000845,4.993205184000544,0.7104042430000845,4.99269000000001,0.5599520000000098,0,,,,,
u1060,remaining_iters_summary,7,1,0,1,0,0.0,1.0,1.7891392940073274,0.4687010180205107,1.7891392940073274,0.4687010180205107,1.7887829999999951,0.31768800000000397,0,,,,,
u1060,remaining_iters_summary,5,1,0,1,0,0.0,1.0,2.3369409369770437,0.7036908710142598,2.3369409369770437,0.7036908710142598,2.3365620000000007,0.5486060000000066,0,,,,,
u1060,remaining_iters_summary,4,1,1,0,0,1.0,0.0,0.005487519985763356,0.45056797401048243,0.005487519985763356,0.45056797401048243,0.00520700000001284,0.2979919999999936,0,,,,,
u1060,remaining_iters_summary,3,1,1,0,0,1.0,0.0,0.004732629022328183,0.31734368501929566,0.004732629022328183,0.31734368501929566,0.00449899999999559,0.1655939999999987,0,,,,,
u1060,remaining_iters_summary,2,1,0,1,0,0.0,1.0,7.88681164800073,0.6236272350070067,7.88681164800073,0.6236272350070067,7.886265000000009,0.47405300000002626,0,,,,,
u1060,remaining_iters_summary,0,1,0,1,0,0.0,1.0,3.708802042005118,0.5432779469992965,3.708802042005118,0.5432779469992965,3.7081030000000226,0.3921980000000076,0,,,,,
u1060,threshold_simulation,,,,,,,,,,,,,,,0,use SAT if remaining_iters > T else CPLEX,20.744705178018194,16,1
u1060,threshold_simulation,,,,,,,,,,,,,,,1,use SAT if remaining_iters > T else CPLEX,20.744705178018194,16,1
u1060,threshold_simulation,,,,,,,,,,,,,,,2,use SAT if remaining_iters > T else CPLEX,13.48152076502447,15,2
u1060,threshold_simulation,,,,,,,,,,,,,,,3,use SAT if remaining_iters > T else CPLEX,13.794131821021438,14,3
u1060,threshold_simulation,,,,,,,,,,,,,,,4,use SAT if remaining_iters > T else CPLEX,14.239212275046157,13,4
u1060,threshold_simulation,,,,,,,,,,,,,,,5,use SAT if remaining_iters > T else CPLEX,12.605962209083373,12,5
u1060,threshold_simulation,,,,,,,,,,,,,,,6,use SAT if remaining_iters > T else CPLEX,12.605962209083373,12,5
u1060,threshold_simulation,,,,,,,,,,,,,,,7,use SAT if remaining_iters > T else CPLEX,11.285523933096556,11,6
u1060,threshold_simulation,,,,,,,,,,,,,,,8,use SAT if remaining_iters > T else CPLEX,7.002722992096096,10,7
u1060,threshold_simulation,,,,,,,,,,,,,,,9,use SAT if remaining_iters > T else CPLEX,6.3693184101139195,9,8
u1060,threshold_simulation,,,,,,,,,,,,,,,10,use SAT if remaining_iters > T else CPLEX,5.802766377106309,8,9
u1060,threshold_simulation,,,,,,,,,,,,,,,11,use SAT if remaining_iters > T else CPLEX,5.933532361086691,7,10
u1060,threshold_simulation,,,,,,,,,,,,,,,12,use SAT if remaining_iters > T else CPLEX,5.287944560084725,6,11
u1060,threshold_simulation,,,,,,,,,,,,,,,13,use SAT if remaining_iters > T else CPLEX,5.49808856609161,5,12
u1060,threshold_simulation,,,,,,,,,,,,,,,14,use SAT if remaining_iters > T else CPLEX,5.774796334095299,4,13
u1060,threshold_simulation,,,,,,,,,,,,,,,15,use SAT if remaining_iters > T else CPLEX,6.09440335308318,3,14
u1060,threshold_simulation,,,,,,,,,,,,,,,16,use SAT if remaining_iters > T else CPLEX,6.465519026067341,2,15
u1060,threshold_simulation,,,,,,,,,,,,,,,17,use SAT if remaining_iters > T else CPLEX,7.014802988036536,1,16
u1060,threshold_simulation,,,,,,,,,,,,,,,18,use SAT if remaining_iters > T else CPLEX,7.469318511051824,0,17
u1060,remaining_iters_summary,18,1,1,0,0,1.0,0.0,0.013690569991013035,0.4572587900038343,0.013690569991013035,0.4572587900038343,0.013386999999994487,0.22948099999999272,0,,,,,
u1060,remaining_iters_summary,17,1,1,0,0,1.0,0.0,0.0070230069977696985,0.5616048180090729,0.0070230069977696985,0.5616048180090729,0.006776999999999589,0.35862800000001016,0,,,,,
u1060,remaining_iters_summary,16,1,1,0,0,1.0,0.0,0.009970913990400732,0.41865285599487834,0.009970913990400732,0.41865285599487834,0.009698000000014417,0.23866599999999494,0,,,,,
u1060,remaining_iters_summary,15,1,1,0,0,1.0,0.0,0.009218430001055822,0.32891092498903163,0.009218430001055822,0.32891092498903163,0.008941000000021404,0.16354200000000674,0,,,,,
u1060,remaining_iters_summary,14,1,1,0,0,1.0,0.0,0.006138288998045027,0.2848976939858403,0.006138288998045027,0.2848976939858403,0.005844999999993661,0.12424099999998361,0,,,,,
u1060,remaining_iters_summary,13,1,1,0,0,1.0,0.0,0.008029843011172488,0.22457542398478836,0.008029843011172488,0.22457542398478836,0.0077569999999980155,0.0670120000000054,0,,,,,
u1060,remaining_iters_summary,12,1,0,1,0,0.0,1.0,0.33662545098923147,0.267494447005447,0.33662545098923147,0.267494447005447,0.3363170000000082,0.11377299999998058,0,,,,,
u1060,remaining_iters_summary,11,1,1,0,0,1.0,0.0,0.1071599819988478,0.20621282700449228,0.1071599819988478,0.20621282700449228,0.10683199999999715,0.05409900000000789,0,,,,,
u1060,remaining_iters_summary,10,1,0,1,0,0.0,1.0,2.2437601189885754,0.23470790102146566,2.2437601189885754,0.23470790102146566,2.2434189999999887,0.07698700000000258,0,,,,,
u1060,remaining_iters_summary,9,1,0,1,0,0.0,1.0,2.21637916599866,0.4539321670017671,2.21637916599866,0.4539321670017671,2.2160379999999975,0.29625899999999206,0,,,,,
u1060,remaining_iters_summary,8,1,0,1,0,0.0,1.0,8.561912988021504,0.23589504399569705,8.561912988021504,0.23589504399569705,8.561220999999989,0.08288300000000959,0,,,,,
u1060,remaining_iters_summary,7,1,0,1,0,0.0,1.0,6.248490922997007,0.5309162639896385,6.248490922997007,0.5309162639896385,6.247932999999989,0.3726920000000007,0,,,,,
u1060,remaining_iters_summary,5,1,0,1,0,0.0,1.0,1.653757994004991,0.42645512099261396,1.653757994004991,0.42645512099261396,1.6534560000000056,0.27239499999998884,0,,,,,
u1060,remaining_iters_summary,4,1,0,1,0,0.0,1.0,8.459561416006181,0.6801594050193671,8.459561416006181,0.6801594050193671,8.458940999999982,0.5251700000000028,0,,,,,
u1060,remaining_iters_summary,3,1,0,1,0,0.0,1.0,7.275460978999035,0.6589477790112142,7.275460978999035,0.6589477790112142,7.274967000000004,0.5055110000000127,0,,,,,
u1060,remaining_iters_summary,2,1,0,1,0,0.0,1.0,6.407803458976559,0.9066045990039129,6.407803458976559,0.9066045990039129,6.407302999999985,0.7532899999999927,0,,,,,
u1060,remaining_iters_summary,0,1,0,1,0,0.0,1.0,5.167165760009084,0.4231615909957327,5.167165760009084,0.4231615909957327,5.166692000000012,0.2684810000000084,0,,,,,
u1060,threshold_simulation,,,,,,,,,,,,,,,0,use SAT if remaining_iters > T else CPLEX,43.98814512096578,16,1
u1060,threshold_simulation,,,,,,,,,,,,,,,1,use SAT if remaining_iters > T else CPLEX,43.98814512096578,16,1
u1060,threshold_simulation,,,,,,,,,,,,,,,2,use SAT if remaining_iters > T else CPLEX,38.486946260993136,15,2
u1060,threshold_simulation,,,,,,,,,,,,,,,3,use SAT if remaining_iters > T else CPLEX,31.870433061005315,14,3
u1060,threshold_simulation,,,,,,,,,,,,,,,4,use SAT if remaining_iters > T else CPLEX,24.0910310500185,13,4
u1060,threshold_simulation,,,,,,,,,,,,,,,5,use SAT if remaining_iters > T else CPLEX,22.863728177006124,12,5
u1060,threshold_simulation,,,,,,,,,,,,,,,6,use SAT if remaining_iters > T else CPLEX,22.863728177006124,12,5
u1060,threshold_simulation,,,,,,,,,,,,,,,7,use SAT if remaining_iters > T else CPLEX,17.146153517998755,11,6
u1060,threshold_simulation,,,,,,,,,,,,,,,8,use SAT if remaining_iters > T else CPLEX,8.820135573972948,10,7
u1060,threshold_simulation,,,,,,,,,,,,,,,9,use SAT if remaining_iters > T else CPLEX,7.057688574976055,9,8
u1060,threshold_simulation,,,,,,,,,,,,,,,10,use SAT if remaining_iters > T else CPLEX,5.048636357008945,8,9
u1060,threshold_simulation,,,,,,,,,,,,,,,11,use SAT if remaining_iters > T else CPLEX,5.14768920201459,7,10
u1060,threshold_simulation,,,,,,,,,,,,,,,12,use SAT if remaining_iters > T else CPLEX,5.078558198030805,6,11
u1060,threshold_simulation,,,,,,,,,,,,,,,13,use SAT if remaining_iters > T else CPLEX,5.295103779004421,5,12
u1060,threshold_simulation,,,,,,,,,,,,,,,14,use SAT if remaining_iters > T else CPLEX,5.573863183992216,4,13
u1060,threshold_simulation,,,,,,,,,,,,,,,15,use SAT if remaining_iters > T else CPLEX,5.893555678980192,3,14
u1060,threshold_simulation,,,,,,,,,,,,,,,16,use SAT if remaining_iters > T else CPLEX,6.30223762098467,2,15
u1060,threshold_simulation,,,,,,,,,,,,,,,17,use SAT if remaining_iters > T else CPLEX,6.856819431995973,1,16
u1060,threshold_simulation,,,,,,,,,,,,,,,18,use SAT if remaining_iters > T else CPLEX,7.300387652008794,0,17
u1060,remaining_iters_summary,18,1,1,0,0,1.0,0.0,0.016892034996999428,0.47031312598846853,0.016892034996999428,0.47031312598846853,0.016583999999994603,0.23188500000000545,0,,,,,
u1060,remaining_iters_summary,17,1,1,0,0,1.0,0.0,0.008685187000082806,0.5727670299820602,0.008685187000082806,0.5727670299820602,0.008421999999995933,0.3618940000000066,0,,,,,
u1060,remaining_iters_summary,16,1,1,0,0,1.0,0.0,0.012646567018236965,0.42181050800718367,0.012646567018236965,0.42181050800718367,0.012409999999988486,0.23737400000001685,0,,,,,
u1060,remaining_iters_summary,15,1,1,0,0,1.0,0.0,0.010961826978018507,0.334215157025028,0.010961826978018507,0.334215157025028,0.010673999999994521,0.1643980000000056,0,,,,,
u1060,remaining_iters_summary,14,1,1,0,0,1.0,0.0,0.019695933995535597,0.29013968000072055,0.019695933995535597,0.29013968000072055,0.019432999999992262,0.12346499999998173,0,,,,,
u1060,remaining_iters_summary,13,1,1,0,0,1.0,0.0,0.01117624799371697,0.22756195100373589,0.01117624799371697,0.22756195100373589,0.010896999999999935,0.06674399999999991,0,,,,,
u1060,remaining_iters_summary,12,1,1,0,0,1.0,0.0,0.047872468014247715,0.2015032580238767,0.047872468014247715,0.2015032580238767,0.04761600000003341,0.04377599999997983,0,,,,,
u1060,remaining_iters_summary,11,1,0,1,0,0.0,1.0,0.27087065199157223,0.21475466201081872,0.27087065199157223,0.21475466201081872,0.2706190000000106,0.057147000000014714,0,,,,,
u1060,remaining_iters_summary,10,1,0,1,0,0.0,1.0,0.6625250740034971,0.25382843901752494,0.6625250740034971,0.25382843901752494,0.6621989999999869,0.09325000000001182,0,,,,,
u1060,remaining_iters_summary,9,1,0,1,0,0.0,1.0,2.27619709901046,1.1423171049973462,2.27619709901046,1.1423171049973462,2.2757880000000057,0.9842680000000144,0,,,,,
u1060,remaining_iters_summary,8,1,0,1,0,0.0,1.0,0.6596582860220224,0.23857617398607545,0.6596582860220224,0.23857617398607545,0.6593890000000044,0.08045300000000566,0,,,,,
u1060,remaining_iters_summary,7,1,0,1,0,0.0,1.0,0.35548173100687563,0.2585804589907639,0.35548173100687563,0.2585804589907639,0.3551429999999982,0.09783400000000597,0,,,,,
u1060,remaining_iters_summary,6,1,0,1,0,0.0,1.0,0.44924217599327676,0.3408653179940302,0.44924217599327676,0.3408653179940302,0.4489690000000053,0.18343200000001048,0,,,,,
u1060,remaining_iters_summary,4,1,0,1,0,0.0,1.0,1.4310646049852949,0.3395902809861582,1.4310646049852949,0.3395902809861582,1.4307269999999903,0.17945900000000847,0,,,,,
u1060,remaining_iters_summary,3,1,1,0,0,1.0,0.0,0.006267543009016663,0.2634140500158537,0.006267543009016663,0.2634140500158537,0.005989999999997053,0.10551499999999692,0,,,,,
u1060,remaining_iters_summary,2,1,1,0,0,1.0,0.0,0.006324251997284591,0.4045949449937325,0.006324251997284591,0.4045949449937325,0.006042000000007874,0.2463329999999928,0,,,,,
u1060,remaining_iters_summary,1,1,1,0,0,1.0,0.0,0.00628355098888278,0.4067483010003343,0.00628355098888278,0.4067483010003343,0.0060450000000003,0.24596500000001242,0,,,,,
u1060,remaining_iters_summary,0,1,0,1,0,0.0,1.0,7.082536834990606,1.1737855449900962,7.082536834990606,1.1737855449900962,7.0818940000000055,1.0176720000000046,0,,,,,
u1060,threshold_simulation,,,,,,,,,,,,,,,0,use SAT if remaining_iters > T else CPLEX,7.425630779995117,17,1
u1060,threshold_simulation,,,,,,,,,,,,,,,1,use SAT if remaining_iters > T else CPLEX,7.826095530006569,16,2
u1060,threshold_simulation,,,,,,,,,,,,,,,2,use SAT if remaining_iters > T else CPLEX,8.224366223003017,15,3
u1060,threshold_simulation,,,,,,,,,,,,,,,3,use SAT if remaining_iters > T else CPLEX,8.481512730009854,14,4
u1060,threshold_simulation,,,,,,,,,,,,,,,4,use SAT if remaining_iters > T else CPLEX,7.390038406010717,13,5
u1060,threshold_simulation,,,,,,,,,,,,,,,5,use SAT if remaining_iters > T else CPLEX,7.390038406010717,13,5
u1060,threshold_simulation,,,,,,,,,,,,,,,6,use SAT if remaining_iters > T else CPLEX,7.281661548011471,12,6
u1060,threshold_simulation,,,,,,,,,,,,,,,7,use SAT if remaining_iters > T else CPLEX,7.184760275995359,11,7
u1060,threshold_simulation,,,,,,,,,,,,,,,8,use SAT if remaining_iters > T else CPLEX,6.763678163959412,10,8
u1060,threshold_simulation,,,,,,,,,,,,,,,9,use SAT if remaining_iters > T else CPLEX,5.629798169946298,9,9
u1060,threshold_simulation,,,,,,,,,,,,,,,10,use SAT if remaining_iters > T else CPLEX,5.221101534960326,8,10
u1060,threshold_simulation,,,,,,,,,,,,,,,11,use SAT if remaining_iters > T else CPLEX,5.164985544979572,7,11
u1060,threshold_simulation,,,,,,,,,,,,,,,12,use SAT if remaining_iters > T else CPLEX,5.318616334989201,6,12
u1060,threshold_simulation,,,,,,,,,,,,,,,13,use SAT if remaining_iters > T else CPLEX,5.53500203799922,5,13
u1060,threshold_simulation,,,,,,,,,,,,,,,14,use SAT if remaining_iters > T else CPLEX,5.805445784004405,4,14
u1060,threshold_simulation,,,,,,,,,,,,,,,15,use SAT if remaining_iters > T else CPLEX,6.128699114051415,3,15
u1060,threshold_simulation,,,,,,,,,,,,,,,16,use SAT if remaining_iters > T else CPLEX,6.537863055040361,2,16
u1060,threshold_simulation,,,,,,,,,,,,,,,17,use SAT if remaining_iters > T else CPLEX,7.101944898022339,1,17
u1060,threshold_simulation,,,,,,,,,,,,,,,18,use SAT if remaining_iters > T else CPLEX,7.555365989013808,0,18
u1060,remaining_iters_summary,18,1,1,0,0,1.0,0.0,0.018702491011936218,0.48028747900389135,0.018702491011936218,0.48028747900389135,0.018392000000005737,0.23118300000001568,0,,,,,
u1060,remaining_iters_summary,17,1,1,0,0,1.0,0.0,0.01684495498193428,0.5685217550199013,0.01684495498193428,0.5685217550199013,0.016576999999983855,0.35906300000002034,0,,,,,
u1060,remaining_iters_summary,16,1,1,0,0,1.0,0.0,0.018656487023690715,0.43494595697848126,0.018656487023690715,0.43494595697848126,0.018370999999973492,0.23954299999999762,0,,,,,
u1060,remaining_iters_summary,15,1,1,0,0,1.0,0.0,0.011285683984169737,0.34309911497985013,0.011285683984169737,0.34309911497985013,0.01101699999998118,0.1637800000000027,0,,,,,
u1060,remaining_iters_summary,14,1,1,0,0,1.0,0.0,0.007772929995553568,0.29835958598414436,0.007772929995553568,0.29835958598414436,0.00751699999997868,0.12372199999998656,0,,,,,
u1060,remaining_iters_summary,13,1,1,0,0,1.0,0.0,0.009567314002197236,0.23728460099664517,0.009567314002197236,0.23728460099664517,0.009303000000016937,0.0670679999999777,0,,,,,
u1060,remaining_iters_summary,12,1,1,0,0,1.0,0.0,0.03366282000206411,0.21782230798271485,0.03366282000206411,0.21782230798271485,0.03340700000001107,0.04424299999999448,0,,,,,
u1060,remaining_iters_summary,11,1,0,1,0,0.0,1.0,1.2966831589874346,0.23507176199927926,1.2966831589874346,0.23507176199927926,1.296336999999994,0.06941799999998466,0,,,,,
u1060,remaining_iters_summary,10,1,1,0,0,1.0,0.0,0.12035484399530105,0.20562909200089052,0.12035484399530105,0.20562909200089052,0.12011699999999337,0.03621100000000865,0,,,,,
u1060,remaining_iters_summary,9,1,0,1,0,0.0,1.0,0.5384957669884898,0.2377972209942527,0.5384957669884898,0.2377972209942527,0.5381950000000018,0.06929800000000341,0,,,,,
u1060,remaining_iters_summary,8,1,0,1,0,0.0,1.0,0.5682577240222599,0.26851226200233214,0.5682577240222599,0.26851226200233214,0.5679580000000044,0.10224200000001815,0,,,,,
u1060,remaining_iters_summary,7,1,0,1,0,0.0,1.0,4.728871598024853,4.457964819011977,4.728871598024853,4.457964819011977,4.728386999999998,4.292299000000014,0,,,,,
u1060,remaining_iters_summary,5,1,0,1,0,0.0,1.0,1.0527679510123562,0.2594226810033433,1.0527679510123562,0.2594226810033433,1.0524910000000034,0.09281599999999912,0,,,,,
u1060,remaining_iters_summary,4,1,0,1,0,0.0,1.0,0.5169505609956104,0.2628133640100714,0.5169505609956104,0.2628133640100714,0.516680000000008,0.09698299999999449,0,,,,,
u1060,remaining_iters_summary,3,1,1,0,0,1.0,0.0,0.00778663600794971,0.2976019640045706,0.00778663600794971,0.2976019640045706,0.007510000000053196,0.1321489999999983,0,,,,,
u1060,remaining_iters_summary,2,1,1,0,0,1.0,0.0,0.007672767998883501,0.2800270830048248,0.007672767998883501,0.2800270830048248,0.007422999999988633,0.11291699999998173,0,,,,,
u1060,remaining_iters_summary,1,1,1,0,0,1.0,0.0,0.007364035991486162,0.349409768008627,0.007364035991486162,0.349409768008627,0.007114000000001397,0.1830900000000213,0,,,,,
u1060,remaining_iters_summary,0,1,1,0,0,1.0,0.0,0.20264859500457533,0.4325370010046754,0.20264859500457533,0.4325370010046754,0.2023879999999849,0.2653620000000103,0,,,,,
u1060,threshold_simulation,,,,,,,,,,,,,,,0,use SAT if remaining_iters > T else CPLEX,9.394234726030845,17,1
u1060,threshold_simulation,,,,,,,,,,,,,,,1,use SAT if remaining_iters > T else CPLEX,9.736280458047986,16,2
u1060,threshold_simulation,,,,,,,,,,,,,,,2,use SAT if remaining_iters > T else CPLEX,10.008634773053927,15,3
u1060,threshold_simulation,,,,,,,,,,,,,,,3,use SAT if remaining_iters > T else CPLEX,10.298450101050548,14,4
u1060,threshold_simulation,,,,,,,,,,,,,,,4,use SAT if remaining_iters > T else CPLEX,10.04431290406501,13,5
u1060,threshold_simulation,,,,,,,,,,,,,,,5,use SAT if remaining_iters > T else CPLEX,9.250967634055996,12,6
u1060,threshold_simulation,,,,,,,,,,,,,,,6,use SAT if remaining_iters > T else CPLEX,9.250967634055996,12,6
u1060,threshold_simulation,,,,,,,,,,,,,,,7,use SAT if remaining_iters > T else CPLEX,8.98006085504312,11,7
u1060,threshold_simulation,,,,,,,,,,,,,,,8,use SAT if remaining_iters > T else CPLEX,8.680315393023193,10,8
u1060,threshold_simulation,,,,,,,,,,,,,,,9,use SAT if remaining_iters > T else CPLEX,8.379616847028956,9,9
u1060,threshold_simulation,,,,,,,,,,,,,,,10,use SAT if remaining_iters > T else CPLEX,8.464891095034545,8,10
u1060,threshold_simulation,,,,,,,,,,,,,,,11,use SAT if remaining_iters > T else CPLEX,7.40327969804639,7,11
u1060,threshold_simulation,,,,,,,,,,,,,,,12,use SAT if remaining_iters > T else CPLEX,7.587439186027041,6,12
u1060,threshold_simulation,,,,,,,,,,,,,,,13,use SAT if remaining_iters > T else CPLEX,7.815156473021489,5,13
u1060,threshold_simulation,,,,,,,,,,,,,,,14,use SAT if remaining_iters > T else CPLEX,8.10574312901008,4,14
u1060,threshold_simulation,,,,,,,,,,,,,,,15,use SAT if remaining_iters > T else CPLEX,8.43755656000576,3,15
u1060,threshold_simulation,,,,,,,,,,,,,,,16,use SAT if remaining_iters > T else CPLEX,8.85384602996055,2,16
u1060,threshold_simulation,,,,,,,,,,,,,,,17,use SAT if remaining_iters > T else CPLEX,9.405522829998517,1,17
u1060,threshold_simulation,,,,,,,,,,,,,,,18,use SAT if remaining_iters > T else CPLEX,9.867107817990473,0,18
u1060,remaining_iters_summary,18,1,1,0,0,1.0,0.0,0.021135269984370098,0.2519433979759924,0.021135269984370098,0.2519433979759924,0.020864999999986367,0.009398000000004458,0,,,,,
u1060,remaining_iters_summary,17,1,1,0,0,1.0,0.0,0.013119232025928795,0.5788771310180891,0.013119232025928795,0.5788771310180891,0.012830000000008113,0.3624579999999753,0,,,,,
u1060,remaining_iters_summary,16,1,1,0,0,1.0,0.0,0.025788951985305175,0.43454465398099273,0.025788951985305175,0.43454465398099273,0.025424999999984266,0.24056099999998537,0,,,,,
u1060,remaining_iters_summary,15,1,1,0,0,1.0,0.0,0.010989898000843823,0.34110286401119083,0.010989898000843823,0.34110286401119083,0.010724000000010392,0.16320299999998156,0,,,,,
u1060,remaining_iters_summary,14,1,1,0,0,1.0,0.0,0.00846178998472169,0.29465653898660094,0.00846178998472169,0.29465653898660094,0.008167999999983522,0.12317799999999579,0,,,,,
u1060,remaining_iters_summary,13,1,1,0,0,1.0,0.0,0.008504127006744966,0.23353157000383362,0.008504127006744966,0.23353157000383362,0.008239000000003216,0.06693399999997496,0,,,,,
u1060,remaining_iters_summary,12,1,1,0,0,1.0,0.0,0.011239300976740196,0.20997467200504616,0.011239300976740196,0.20997467200504616,0.010965999999996257,0.04389299999999707,0,,,,,
u1060,remaining_iters_summary,11,1,0,1,0,0.0,1.0,0.567900762980571,0.2319162689964287,0.567900762980571,0.2319162689964287,0.5676330000000007,0.06687999999999761,0,,,,,
u1060,remaining_iters_summary,10,1,0,1,0,0.0,1.0,0.23509956197813153,0.17515733497566544,0.23509956197813153,0.17515733497566544,0.2348400000000197,0.012440999999995483,0,,,,,
u1060,remaining_iters_summary,9,1,0,1,0,0.0,1.0,0.7539505590102635,0.2093323640001472,0.7539505590102635,0.2093323640001472,0.7536299999999869,0.044290000000017926,0,,,,,
u1060,remaining_iters_summary,8,1,0,1,0,0.0,1.0,1.1187840949860401,0.21979493301478215,1.1187840949860401,0.21979493301478215,1.118405000000024,0.056392999999985705,0,,,,,
u1060,remaining_iters_summary,7,1,0,1,0,0.0,1.0,0.7837891050148755,0.23912827300955541,0.7837891050148755,0.23912827300955541,0.7834689999999966,0.07402700000000095,0,,,,,
u1060,remaining_iters_summary,5,1,1,0,0,1.0,0.0,0.06199245300376788,0.24495172800379805,0.06199245300376788,0.24495172800379805,0.061726000000021486,0.0811960000000056,0,,,,,
u1060,remaining_iters_summary,4,1,0,1,0,0.0,1.0,2.1022973569924943,0.9706927560037002,2.1022973569924943,0.9706927560037002,2.101900999999998,0.80672899999999,0,,,,,
u1060,remaining_iters_summary,3,1,0,1,0,0.0,1.0,1.7362352730124258,0.21366242598742247,1.7362352730124258,0.21366242598742247,1.7359150000000056,0.05252699999999777,0,,,,,
u1060,remaining_iters_summary,2,1,0,1,0,0.0,1.0,2.4536369419947732,0.2597577210108284,2.4536369419947732,0.2597577210108284,2.453265999999985,0.09544300000001726,0,,,,,
u1060,remaining_iters_summary,0,1,0,1,0,0.0,1.0,2.3659667070023715,0.2540756080124993,2.3659667070023715,0.2540756080124993,2.3655880000000025,0.09157599999997501,0,,,,,
u1060,threshold_simulation,,,,,,,,,,,,,,,0,use SAT if remaining_iters > T else CPLEX,10.167000286950497,16,1
u1060,threshold_simulation,,,,,,,,,,,,,,,1,use SAT if remaining_iters > T else CPLEX,10.167000286950497,16,1
u1060,threshold_simulation,,,,,,,,,,,,,,,2,use SAT if remaining_iters > T else CPLEX,7.973121065966552,15,2
u1060,threshold_simulation,,,,,,,,,,,,,,,3,use SAT if remaining_iters > T else CPLEX,6.450548218941549,14,3
u1060,threshold_simulation,,,,,,,,,,,,,,,4,use SAT if remaining_iters > T else CPLEX,5.318943617952755,13,4
u1060,threshold_simulation,,,,,,,,,,,,,,,5,use SAT if remaining_iters > T else CPLEX,5.501902892952785,12,5
u1060,threshold_simulation,,,,,,,,,,,,,,,6,use SAT if remaining_iters > T else CPLEX,5.501902892952785,12,5
u1060,threshold_simulation,,,,,,,,,,,,,,,7,use SAT if remaining_iters > T else CPLEX,4.957242060947465,11,6
u1060,threshold_simulation,,,,,,,,,,,,,,,8,use SAT if remaining_iters > T else CPLEX,4.058252898976207,10,7
u1060,threshold_simulation,,,,,,,,,,,,,,,9,use SAT if remaining_iters > T else CPLEX,3.5136347039660905,9,8
u1060,threshold_simulation,,,,,,,,,,,,,,,10,use SAT if remaining_iters > T else CPLEX,3.4536924769636244,8,9
u1060,threshold_simulation,,,,,,,,,,,,,,,11,use SAT if remaining_iters > T else CPLEX,3.117707982979482,7,10
u1060,threshold_simulation,,,,,,,,,,,,,,,12,use SAT if remaining_iters > T else CPLEX,3.316443354007788,6,11
u1060,threshold_simulation,,,,,,,,,,,,,,,13,use SAT if remaining_iters > T else CPLEX,3.5414707970048767,5,12
u1060,threshold_simulation,,,,,,,,,,,,,,,14,use SAT if remaining_iters > T else CPLEX,3.827665546006756,4,13
u1060,threshold_simulation,,,,,,,,,,,,,,,15,use SAT if remaining_iters > T else CPLEX,4.157778512017103,3,14
u1060,threshold_simulation,,,,,,,,,,,,,,,16,use SAT if remaining_iters > T else CPLEX,4.5665342140127905,2,15
u1060,threshold_simulation,,,,,,,,,,,,,,,17,use SAT if remaining_iters > T else CPLEX,5.132292113004951,1,16
u1060,threshold_simulation,,,,,,,,,,,,,,,18,use SAT if remaining_iters > T else CPLEX,5.363100240996573,0,17
u1060,remaining_iters_summary,18,1,1,0,0,1.0,0.0,0.0239669110160321,0.26207488001091406,0.0239669110160321,0.26207488001091406,0.02364999999997508,0.009872000000029857,0,,,,,
u1060,remaining_iters_summary,17,1,1,0,0,1.0,0.0,0.013039644982200116,0.5819697930128314,0.013039644982200116,0.5819697930128314,0.012745999999992819,0.36251199999998107,0,,,,,
u1060,remaining_iters_summary,16,1,1,0,0,1.0,0.0,0.017520997003884986,0.429699956002878,0.017520997003884986,0.429699956002878,0.01724699999999757,0.23738099999997075,0,,,,,
u1060,remaining_iters_summary,15,1,1,0,0,1.0,0.0,0.009581654012436047,0.34393918098066933,0.009581654012436047,0.34393918098066933,0.009300999999993564,0.16336699999999382,0,,,,,
u1060,remaining_iters_summary,14,1,1,0,0,1.0,0.0,0.00932902900967747,0.2977392410102766,0.00932902900967747,0.2977392410102766,0.009051999999996951,0.12268100000000004,0,,,,,
u1060,remaining_iters_summary,13,1,1,0,0,1.0,0.0,0.026024607999715954,0.2355089199845679,0.026024607999715954,0.2355089199845679,0.02574000000004162,0.06689299999999321,0,,,,,
u1060,remaining_iters_summary,12,1,1,0,0,1.0,0.0,0.06206779199419543,0.21309044997906312,0.06206779199419543,0.21309044997906312,0.06178699999998116,0.04426800000004505,0,,,,,
u1060,remaining_iters_summary,11,1,0,1,0,0.0,1.0,0.34981394599890336,0.20221670001046732,0.34981394599890336,0.20221670001046732,0.34948300000002064,0.031835000000000946,0,,,,,
u1060,remaining_iters_summary,10,1,0,1,0,0.0,1.0,0.34056725702248514,0.17821383298723958,0.34056725702248514,0.17821383298723958,0.34028800000004367,0.017049999999983356,0,,,,,
u1060,remaining_iters_summary,9,1,0,1,0,0.0,1.0,1.0630097149987705,0.21071625800686888,1.0630097149987705,0.21071625800686888,1.0626330000000053,0.048676000000000386,0,,,,,
u1060,remaining_iters_summary,8,1,0,1,0,0.0,1.0,0.8325926340185106,0.22633059998042881,0.8325926340185106,0.22633059998042881,0.8322749999999814,0.0574020000000246,0,,,,,
u1060,remaining_iters_summary,7,1,0,1,0,0.0,1.0,0.9978098700230476,0.22728223400190473,0.9978098700230476,0.22728223400190473,0.99748900000003,0.06014199999998482,0,,,,,
u1060,remaining_iters_summary,5,1,0,1,0,0.0,1.0,1.391352052014554,0.24172023800201714,1.391352052014554,0.24172023800201714,1.3909939999999779,0.06945100000001503,0,,,,,
u1060,remaining_iters_summary,4,1,0,1,0,0.0,1.0,1.9607225860236213,0.23964630500995554,1.9607225860236213,0.23964630500995554,1.9603070000000002,0.07292200000000548,0,,,,,
u1060,remaining_iters_summary,3,1,0,1,0,0.0,1.0,1.3524766770133283,0.23517105099745095,1.3524766770133283,0.23517105099745095,1.3521409999999605,0.06837899999999308,0,,,,,
u1060,remaining_iters_summary,2,1,0,1,0,0.0,1.0,2.2549663840036374,0.3175581230025273,2.2549663840036374,0.3175581230025273,2.254534000000035,0.15236299999997982,0,,,,,
u1060,remaining_iters_summary,0,1,0,1,0,0.0,1.0,1.7496498159889597,0.2616666969843209,1.7496498159889597,0.2616666969843209,1.7492579999999975,0.09651900000000069,0,,,,,
u1060,threshold_simulation,,,,,,,,,,,,,,,0,use SAT if remaining_iters > T else CPLEX,10.966508454119321,16,1
u1060,threshold_simulation,,,,,,,,,,,,,,,1,use SAT if remaining_iters > T else CPLEX,10.966508454119321,16,1
u1060,threshold_simulation,,,,,,,,,,,,,,,2,use SAT if remaining_iters > T else CPLEX,9.02910019311821,15,2
u1060,threshold_simulation,,,,,,,,,,,,,,,3,use SAT if remaining_iters > T else CPLEX,7.9117945671023335,14,3
u1060,threshold_simulation,,,,,,,,,,,,,,,4,use SAT if remaining_iters > T else CPLEX,6.190718286088668,13,4
u1060,threshold_simulation,,,,,,,,,,,,,,,5,use SAT if remaining_iters > T else CPLEX,5.041086472076131,12,5
u1060,threshold_simulation,,,,,,,,,,,,,,,6,use SAT if remaining_iters > T else CPLEX,5.041086472076131,12,5
u1060,threshold_simulation,,,,,,,,,,,,,,,7,use SAT if remaining_iters > T else CPLEX,4.270558836054988,11,6
u1060,threshold_simulation,,,,,,,,,,,,,,,8,use SAT if remaining_iters > T else CPLEX,3.6642968020169064,10,7
u1060,threshold_simulation,,,,,,,,,,,,,,,9,use SAT if remaining_iters > T else CPLEX,2.812003345025005,9,8
u1060,threshold_simulation,,,,,,,,,,,,,,,10,use SAT if remaining_iters > T else CPLEX,2.6496499209897593,8,9
u1060,threshold_simulation,,,,,,,,,,,,,,,11,use SAT if remaining_iters > T else CPLEX,2.5020526750013232,7,10
u1060,threshold_simulation,,,,,,,,,,,,,,,12,use SAT if remaining_iters > T else CPLEX,2.653075332986191,6,11
u1060,threshold_simulation,,,,,,,,,,,,,,,13,use SAT if remaining_iters > T else CPLEX,2.862559644971043,5,12
u1060,threshold_simulation,,,,,,,,,,,,,,,14,use SAT if remaining_iters > T else CPLEX,3.150969856971642,4,13
u1060,threshold_simulation,,,,,,,,,,,,,,,15,use SAT if remaining_iters > T else CPLEX,3.4853273839398753,3,14
u1060,threshold_simulation,,,,,,,,,,,,,,,16,use SAT if remaining_iters > T else CPLEX,3.8975063429388683,2,15
u1060,threshold_simulation,,,,,,,,,,,,,,,17,use SAT if remaining_iters > T else CPLEX,4.4664364909695,1,16
u1060,threshold_simulation,,,,,,,,,,,,,,,18,use SAT if remaining_iters > T else CPLEX,4.7045444599643815,0,17
u1060,remaining_iters_summary,18,1,1,0,0,1.0,0.0,0.028728684992529452,0.254170169995632,0.028728684992529452,0.254170169995632,0.02842499999997017,0.010006999999973232,0,,,,,
u1060,remaining_iters_summary,17,1,1,0,0,1.0,0.0,0.021576599014224485,0.5808339719951618,0.021576599014224485,0.5808339719951618,0.021261000000038166,0.3608609999999999,0,,,,,
u1060,remaining_iters_summary,16,1,1,0,0,1.0,0.0,0.018063319992506877,0.4333032330032438,0.018063319992506877,0.4333032330032438,0.017768999999987045,0.23842600000000402,0,,,,,
u1060,remaining_iters_summary,15,1,1,0,0,1.0,0.0,0.015876959019806236,0.3485340919869486,0.015876959019806236,0.3485340919869486,0.015585000000044147,0.1639329999999859,0,,,,,
u1060,remaining_iters_summary,14,1,1,0,0,1.0,0.0,0.013236508006229997,0.3079573240247555,0.013236508006229997,0.3079573240247555,0.012966000000005806,0.12361800000002177,0,,,,,
u1060,remaining_iters_summary,13,1,1,0,0,1.0,0.0,0.013311077986145392,0.24061281100148335,0.013311077986145392,0.24061281100148335,0.013000999999974283,0.06755900000001702,0,,,,,
u1060,remaining_iters_summary,12,1,1,0,0,1.0,0.0,0.015683985984651372,0.22056079297908582,0.015683985984651372,0.22056079297908582,0.015412000000026183,0.045945000000017444,0,,,,,
u1060,remaining_iters_summary,11,1,1,0,0,1.0,0.0,0.0935855699935928,0.20443206100026146,0.0935855699935928,0.20443206100026146,0.09325000000001182,0.03199200000000246,0,,,,,
u1060,remaining_iters_summary,10,1,0,1,0,0.0,1.0,0.813865000003716,0.18939141201553866,0.813865000003716,0.18939141201553866,0.8135369999999966,0.025184000000024298,0,,,,,
u1060,remaining_iters_summary,9,1,0,1,0,0.0,1.0,1.0239097459998447,0.21797685898491181,1.0239097459998447,0.21797685898491181,1.0235950000000003,0.05131899999997813,0,,,,,
u1060,remaining_iters_summary,8,1,0,1,0,0.0,1.0,1.350104877987178,0.21062161499867216,1.350104877987178,0.21062161499867216,1.3497260000000324,0.04454500000002781,0,,,,,
u1060,remaining_iters_summary,7,1,0,1,0,0.0,1.0,1.3217968099925201,0.23914021300151944,1.3217968099925201,0.23914021300151944,1.321458000000007,0.07071600000000444,0,,,,,
u1060,remaining_iters_summary,5,1,0,1,0,0.0,1.0,0.2981035560078453,0.2340615360008087,0.2981035560078453,0.2340615360008087,0.29781100000002425,0.06520899999998164,0,,,,,
u1060,remaining_iters_summary,4,1,0,1,0,0.0,1.0,2.3390542559791356,0.2157752359926235,2.3390542559791356,0.2157752359926235,2.3386010000000397,0.04739000000000715,0,,,,,
u1060,remaining_iters_summary,3,1,0,1,0,0.0,1.0,1.8499724460125435,0.213837920979131,1.8499724460125435,0.213837920979131,1.8495580000000018,0.046725999999978285,0,,,,,
u1060,remaining_iters_summary,2,1,0,1,0,0.0,1.0,1.0243778910080437,0.23540698300348595,1.0243778910080437,0.23540698300348595,1.024045000000001,0.06863400000003139,0,,,,,
u1060,remaining_iters_summary,0,1,0,1,0,0.0,1.0,2.448531322006602,0.21454105898737907,2.448531322006602,0.21454105898737907,2.4481099999999856,0.04744300000004387,0,,,,,
u1060,threshold_simulation,,,,,,,,,,,,,,,0,use SAT if remaining_iters > T else CPLEX,10.455788346967893,16,1
u1060,threshold_simulation,,,,,,,,,,,,,,,1,use SAT if remaining_iters > T else CPLEX,10.455788346967893,16,1
u1060,threshold_simulation,,,,,,,,,,,,,,,2,use SAT if remaining_iters > T else CPLEX,9.666817438963335,15,2
u1060,threshold_simulation,,,,,,,,,,,,,,,3,use SAT if remaining_iters > T else CPLEX,8.030682913929923,14,3
u1060,threshold_simulation,,,,,,,,,,,,,,,4,use SAT if remaining_iters > T else CPLEX,5.90740389394341,13,4
u1060,threshold_simulation,,,,,,,,,,,,,,,5,use SAT if remaining_iters > T else CPLEX,5.843361873936374,12,5
u1060,threshold_simulation,,,,,,,,,,,,,,,6,use SAT if remaining_iters > T else CPLEX,5.843361873936374,12,5
u1060,threshold_simulation,,,,,,,,,,,,,,,7,use SAT if remaining_iters > T else CPLEX,4.760705276945373,11,6
u1060,threshold_simulation,,,,,,,,,,,,,,,8,use SAT if remaining_iters > T else CPLEX,3.621222013956867,10,7
u1060,threshold_simulation,,,,,,,,,,,,,,,9,use SAT if remaining_iters > T else CPLEX,2.8152891269419342,9,8
u1060,threshold_simulation,,,,,,,,,,,,,,,10,use SAT if remaining_iters > T else CPLEX,2.190815538953757,8,9
u1060,threshold_simulation,,,,,,,,,,,,,,,11,use SAT if remaining_iters > T else CPLEX,2.3016620299604256,7,10
u1060,threshold_simulation,,,,,,,,,,,,,,,12,use SAT if remaining_iters > T else CPLEX,2.50653883695486,6,11
u1060,threshold_simulation,,,,,,,,,,,,,,,13,use SAT if remaining_iters > T else CPLEX,2.733840569970198,5,12
u1060,threshold_simulation,,,,,,,,,,,,,,,14,use SAT if remaining_iters > T else CPLEX,3.0285613859887235,4,13
u1060,threshold_simulation,,,,,,,,,,,,,,,15,use SAT if remaining_iters > T else CPLEX,3.361218518955866,3,14
u1060,threshold_simulation,,,,,,,,,,,,,,,16,use SAT if remaining_iters > T else CPLEX,3.776458431966603,2,15
u1060,threshold_simulation,,,,,,,,,,,,,,,17,use SAT if remaining_iters > T else CPLEX,4.33571580494754,1,16
u1060,threshold_simulation,,,,,,,,,,,,,,,18,use SAT if remaining_iters > T else CPLEX,4.561157289950643,0,17
u1060,remaining_iters_summary,18,1,1,0,0,1.0,0.0,0.02998764900257811,0.25726314599160105,0.02998764900257811,0.25726314599160105,0.029702999999983604,0.011718999999970947,0,,,,,
u1060,remaining_iters_summary,17,1,1,0,0,1.0,0.0,0.015240890003042296,0.577502396015916,0.015240890003042296,0.577502396015916,0.01498700000001918,0.3621689999999944,0,,,,,
u1060,remaining_iters_summary,16,1,1,0,0,1.0,0.0,0.019977585005108267,0.431480647996068,0.019977585005108267,0.431480647996068,0.019693000000017946,0.23762199999998757,0,,,,,
u1060,remaining_iters_summary,15,1,1,0,0,1.0,0.0,0.06616361401393078,0.34686863902607,0.06616361401393078,0.34686863902607,0.06588999999996759,0.1635090000000332,0,,,,,
u1060,remaining_iters_summary,14,1,1,0,0,1.0,0.0,0.0162302480021026,0.29627867898670956,0.0162302480021026,0.29627867898670956,0.015979999999956362,0.1225289999999859,0,,,,,
u1060,remaining_iters_summary,13,1,1,0,0,1.0,0.0,0.01707419697777368,0.2355225819919724,0.01707419697777368,0.2355225819919724,0.016774999999995543,0.06694500000003245,0,,,,,
u1060,remaining_iters_summary,12,1,1,0,0,1.0,0.0,0.07169540799804963,0.21657801800756715,0.07169540799804963,0.21657801800756715,0.07140700000002198,0.04394999999999527,0,,,,,
u1060,remaining_iters_summary,11,1,1,0,0,1.0,0.0,0.09843794198241085,0.1996896140044555,0.09843794198241085,0.1996896140044555,0.09813800000000583,0.03149899999999661,0,,,,,
u1060,remaining_iters_summary,10,1,0,1,0,0.0,1.0,1.2274862110207323,0.1958367720071692,1.2274862110207323,0.1958367720071692,1.2270950000000198,0.029458000000033735,0,,,,,
u1060,remaining_iters_summary,9,1,0,1,0,0.0,1.0,0.3935376130102668,0.1971207880123984,0.3935376130102668,0.1971207880123984,0.39324999999996635,0.027556000000004133,0,,,,,
u1060,remaining_iters_summary,8,1,0,1,0,0.0,1.0,1.5246150360035244,0.22401163799804635,1.5246150360035244,0.22401163799804635,1.5242240000000038,0.052468999999973676,0,,,,,
u1060,remaining_iters_summary,7,1,0,1,0,0.0,1.0,1.3674782020098064,0.19286825897870585,1.3674782020098064,0.19286825897870585,1.3671319999999696,0.027803000000005795,0,,,,,
u1060,remaining_iters_summary,5,1,0,1,0,0.0,1.0,1.6564940870157443,0.21854810797958635,1.6564940870157443,0.21854810797958635,1.656120000000044,0.04775899999998501,0,,,,,
u1060,remaining_iters_summary,4,1,0,1,0,0.0,1.0,1.6894148849823978,0.1967216540069785,1.6894148849823978,0.1967216540069785,1.6890380000000391,0.030509999999992488,0,,,,,
u1060,remaining_iters_summary,3,1,0,1,0,0.0,1.0,1.4946444599772803,0.20333394198678434,1.4946444599772803,0.20333394198678434,1.4942549999999528,0.03898300000003019,0,,,,,
u1060,remaining_iters_summary,2,1,0,1,0,0.0,1.0,2.125609445007285,0.2067223699996248,2.125609445007285,0.2067223699996248,2.1251589999999965,0.04191100000002734,0,,,,,
u1060,remaining_iters_summary,0,1,0,1,0,0.0,1.0,2.0893900910159573,0.24962963999132626,2.0893900910159573,0.24962963999132626,2.0889589999999885,0.08458799999999655,0,,,,,
u1060,threshold_simulation,,,,,,,,,,,,,,,0,use SAT if remaining_iters > T else CPLEX,12.06371711200336,16,1
u1060,threshold_simulation,,,,,,,,,,,,,,,1,use SAT if remaining_iters > T else CPLEX,12.06371711200336,16,1
u1060,threshold_simulation,,,,,,,,,,,,,,,2,use SAT if remaining_iters > T else CPLEX,10.1448300369957,15,2
u1060,threshold_simulation,,,,,,,,,,,,,,,3,use SAT if remaining_iters > T else CPLEX,8.853519519005204,14,3
u1060,threshold_simulation,,,,,,,,,,,,,,,4,use SAT if remaining_iters > T else CPLEX,7.360826288029784,13,4
u1060,threshold_simulation,,,,,,,,,,,,,,,5,use SAT if remaining_iters > T else CPLEX,5.922880308993626,12,5
u1060,threshold_simulation,,,,,,,,,,,,,,,6,use SAT if remaining_iters > T else CPLEX,5.922880308993626,12,5
u1060,threshold_simulation,,,,,,,,,,,,,,,7,use SAT if remaining_iters > T else CPLEX,4.748270365962526,11,6
u1060,threshold_simulation,,,,,,,,,,,,,,,8,use SAT if remaining_iters > T else CPLEX,3.4476669679570477,10,7
u1060,threshold_simulation,,,,,,,,,,,,,,,9,use SAT if remaining_iters > T else CPLEX,3.2512501429591794,9,8
u1060,threshold_simulation,,,,,,,,,,,,,,,10,use SAT if remaining_iters > T else CPLEX,2.2196007039456163,8,9
u1060,threshold_simulation,,,,,,,,,,,,,,,11,use SAT if remaining_iters > T else CPLEX,2.320852375967661,7,10
u1060,threshold_simulation,,,,,,,,,,,,,,,12,use SAT if remaining_iters > T else CPLEX,2.4657349859771784,6,11
u1060,threshold_simulation,,,,,,,,,,,,,,,13,use SAT if remaining_iters > T else CPLEX,2.684183370991377,5,12
u1060,threshold_simulation,,,,,,,,,,,,,,,14,use SAT if remaining_iters > T else CPLEX,2.964231801975984,4,13
u1060,threshold_simulation,,,,,,,,,,,,,,,15,use SAT if remaining_iters > T else CPLEX,3.2449368269881234,3,14
u1060,threshold_simulation,,,,,,,,,,,,,,,16,use SAT if remaining_iters > T else CPLEX,3.656439889979083,2,15
u1060,threshold_simulation,,,,,,,,,,,,,,,17,use SAT if remaining_iters > T else CPLEX,4.218701395991957,1,16
u1060,threshold_simulation,,,,,,,,,,,,,,,18,use SAT if remaining_iters > T else CPLEX,4.44597689298098,0,17
u1060,remaining_iters_summary,18,1,1,0,0,1.0,0.0,0.03225786698749289,0.2567123679909855,0.03225786698749289,0.2567123679909855,0.03198900000001004,0.009456000000000131,0,,,,,
u1060,remaining_iters_summary,17,1,1,0,0,1.0,0.0,0.016695586004061624,0.2267693710164167,0.016695586004061624,0.2267693710164167,0.01639599999998609,0.006264999999984866,0,,,,,
u1060,remaining_iters_summary,16,1,1,0,0,1.0,0.0,0.049279780010692775,0.43391061600414105,0.049279780010692775,0.43391061600414105,0.048998000000040065,0.23879699999997683,0,,,,,
u1060,remaining_iters_summary,15,1,1,0,0,1.0,0.0,0.01446707098511979,0.34480392799014226,0.01446707098511979,0.34480392799014226,0.014166999999986274,0.16307199999999966,0,,,,,
u1060,remaining_iters_summary,14,1,1,0,0,1.0,0.0,0.01861234600073658,0.26720272199600004,0.01861234600073658,0.26720272199600004,0.018352999999990516,0.08780100000001312,0,,,,,
u1060,remaining_iters_summary,13,1,1,0,0,1.0,0.0,0.027265433018328622,0.2358945390151348,0.027265433018328622,0.2358945390151348,0.026981999999975415,0.06706199999996443,0,,,,,
u1060,remaining_iters_summary,12,1,1,0,0,1.0,0.0,0.04007061698939651,0.20936138898832723,0.04007061698939651,0.20936138898832723,0.0397930000000315,0.04369199999996454,0,,,,,
u1060,remaining_iters_summary,11,1,1,0,0,1.0,0.0,0.03765725501580164,0.199857212981442,0.03765725501580164,0.199857212981442,0.03735499999999092,0.03178600000001097,0,,,,,
u1060,remaining_iters_summary,10,1,0,1,0,0.0,1.0,1.4816944119811524,0.192555599991465,1.4816944119811524,0.192555599991465,1.4812749999999824,0.03029500000002372,0,,,,,
u1060,remaining_iters_summary,9,1,1,0,0,1.0,0.0,0.0818396820104681,0.19796916301129386,0.0818396820104681,0.19796916301129386,0.08158499999996138,0.02755000000001928,0,,,,,
u1060,remaining_iters_summary,8,1,0,1,0,0.0,1.0,0.6443889820075128,0.21139265701640397,0.6443889820075128,0.21139265701640397,0.6440690000000018,0.041855999999995674,0,,,,,
u1060,remaining_iters_summary,7,1,0,1,0,0.0,1.0,1.414434762991732,0.20867243298562244,1.414434762991732,0.20867243298562244,1.4140810000000101,0.0402920000000222,0,,,,,
u1060,remaining_iters_summary,6,1,0,1,0,0.0,1.0,3.629084682004759,0.301204385003075,3.629084682004759,0.301204385003075,3.628571000000022,0.13499899999999343,0,,,,,
u1060,remaining_iters_summary,4,1,0,1,0,0.0,1.0,1.4765739449940156,0.2210461960057728,1.4765739449940156,0.2210461960057728,1.4761810000000537,0.04650799999996025,0,,,,,
u1060,remaining_iters_summary,3,1,1,0,0,1.0,0.0,0.012201334990095347,0.2180386649852153,0.012201334990095347,0.2180386649852153,0.011881000000016684,0.04751099999998587,0,,,,,
u1060,remaining_iters_summary,2,1,1,0,0,1.0,0.0,0.024083733995212242,0.22663023599307053,0.024083733995212242,0.22663023599307053,0.02379600000000437,0.060632000000055086,0,,,,,
u1060,remaining_iters_summary,1,1,0,1,0,0.0,1.0,0.7745456609991379,0.21816588801448233,0.7745456609991379,0.21816588801448233,0.7741619999999898,0.046648000000004686,0,,,,,
u1060,remaining_iters_summary,0,1,0,1,0,0.0,1.0,5.03323001798708,0.290007217990933,5.03323001798708,0.290007217990933,5.032594000000017,0.12391700000000583,0,,,,,
u1060,threshold_simulation,,,,,,,,,,,,,,,0,use SAT if remaining_iters > T else CPLEX,10.065160368976649,17,1
u1060,threshold_simulation,,,,,,,,,,,,,,,1,use SAT if remaining_iters > T else CPLEX,9.508780595991993,16,2
u1060,threshold_simulation,,,,,,,,,,,,,,,2,use SAT if remaining_iters > T else CPLEX,9.711327097989852,15,3
u1060,threshold_simulation,,,,,,,,,,,,,,,3,use SAT if remaining_iters > T else CPLEX,9.917164427984972,14,4
u1060,threshold_simulation,,,,,,,,,,,,,,,4,use SAT if remaining_iters > T else CPLEX,8.661636678996729,13,5
u1060,threshold_simulation,,,,,,,,,,,,,,,5,use SAT if remaining_iters > T else CPLEX,8.661636678996729,13,5
u1060,threshold_simulation,,,,,,,,,,,,,,,6,use SAT if remaining_iters > T else CPLEX,5.333756381995045,12,6
u1060,threshold_simulation,,,,,,,,,,,,,,,7,use SAT if remaining_iters > T else CPLEX,4.127994051988935,11,7
u1060,threshold_simulation,,,,,,,,,,,,,,,8,use SAT if remaining_iters > T else CPLEX,3.6949977269978262,10,8
u1060,threshold_simulation,,,,,,,,,,,,,,,9,use SAT if remaining_iters > T else CPLEX,3.811127207998652,9,9
u1060,threshold_simulation,,,,,,,,,,,,,,,10,use SAT if remaining_iters > T else CPLEX,2.5219883960089646,8,10
u1060,threshold_simulation,,,,,,,,,,,,,,,11,use SAT if remaining_iters > T else CPLEX,2.684188353974605,7,11
u1060,threshold_simulation,,,,,,,,,,,,,,,12,use SAT if remaining_iters > T else CPLEX,2.8534791259735357,6,12
u1060,threshold_simulation,,,,,,,,,,,,,,,13,use SAT if remaining_iters > T else CPLEX,3.062108231970342,5,13
u1060,threshold_simulation,,,,,,,,,,,,,,,14,use SAT if remaining_iters > T else CPLEX,3.3106986079656053,4,14
u1060,threshold_simulation,,,,,,,,,,,,,,,15,use SAT if remaining_iters > T else CPLEX,3.641035464970628,3,15
u1060,threshold_simulation,,,,,,,,,,,,,,,16,use SAT if remaining_iters > T else CPLEX,4.025666300964076,2,16
u1060,threshold_simulation,,,,,,,,,,,,,,,17,use SAT if remaining_iters > T else CPLEX,4.235740085976431,1,17
u1060,threshold_simulation,,,,,,,,,,,,,,,18,use SAT if remaining_iters > T else CPLEX,4.460194586979924,0,18
u1060,remaining_iters_summary,18,1,1,0,0,1.0,0.0,0.0362857379950583,0.2510657520033419,0.0362857379950583,0.2510657520033419,0.035981999999989966,0.00916300000000092,0,,,,,
u1060,remaining_iters_summary,17,1,1,0,0,1.0,0.0,0.021664014988346025,0.22722440600045957,0.021664014988346025,0.22722440600045957,0.021349999999983993,0.006300000000010186,0,,,,,
u1060,remaining_iters_summary,16,1,1,0,0,1.0,0.0,0.0182571449840907,0.429959447006695,0.0182571449840907,0.429959447006695,0.017931999999973414,0.23837599999995973,0,,,,,
u1060,remaining_iters_summary,15,1,1,0,0,1.0,0.0,0.023947480018250644,0.34688766399631277,0.023947480018250644,0.34688766399631277,0.02367900000001555,0.1660660000000007,0,,,,,
u1060,remaining_iters_summary,14,1,1,0,0,1.0,0.0,0.014253483997890726,0.26965007800026797,0.014253483997890726,0.26965007800026797,0.013976000000013755,0.08937400000002071,0,,,,,
u1060,remaining_iters_summary,13,1,1,0,0,1.0,0.0,0.015716471010819077,0.23886427999241278,0.015716471010819077,0.23886427999241278,0.01542299999999841,0.06728799999996227,0,,,,,
u1060,remaining_iters_summary,12,1,1,0,0,1.0,0.0,0.01759154099272564,0.21147253998788074,0.01759154099272564,0.21147253998788074,0.017350000000021737,0.043846999999971104,0,,,,,
u1060,remaining_iters_summary,11,1,1,0,0,1.0,0.0,0.03733206301694736,0.19835111501743086,0.03733206301694736,0.19835111501743086,0.03705499999995254,0.031660999999985506,0,,,,,
u1060,remaining_iters_summary,10,1,0,1,0,0.0,1.0,1.5725148979981896,0.19752803398296237,1.5725148979981896,0.19752803398296237,1.572166999999979,0.030079999999998108,0,,,,,
u1060,remaining_iters_summary,9,1,0,1,0,0.0,1.0,0.5180402650148608,0.17157096401206218,0.5180402650148608,0.17157096401206218,0.517735000000016,0.0068379999999592656,0,,,,,
u1060,remaining_iters_summary,8,1,0,1,0,0.0,1.0,1.1143875809793826,0.18946557299932465,1.1143875809793826,0.18946557299932465,1.114025999999967,0.02133299999997007,0,,,,,
u1060,remaining_iters_summary,7,1,0,1,0,0.0,1.0,1.0820199490117375,0.19141247202060185,1.0820199490117375,0.19141247202060185,1.0816940000000272,0.026423000000022512,0,,,,,
u1060,remaining_iters_summary,5,1,0,1,0,0.0,1.0,1.536369562993059,0.18742303299950436,1.536369562993059,0.18742303299950436,1.5359940000000165,0.02585199999998622,0,,,,,
u1060,remaining_iters_summary,4,1,0,1,0,0.0,1.0,1.4391473989817314,0.2074412090005353,1.4391473989817314,0.2074412090005353,1.4387720000000854,0.04031899999995403,0,,,,,
u1060,remaining_iters_summary,3,1,0,1,0,0.0,1.0,2.0916347310121637,0.20360394101589918,2.0916347310121637,0.20360394101589918,2.0912180000000262,0.039221999999995205,0,,,,,
u1060,remaining_iters_summary,2,1,0,1,0,0.0,1.0,1.933875110000372,0.20606832898920402,1.933875110000372,0.20606832898920402,1.9335009999999784,0.03859699999998156,0,,,,,
u1060,remaining_iters_summary,0,1,1,0,0,1.0,0.0,0.011977467016549781,0.27862274600192904,0.011977467016549781,0.27862274600192904,0.01168400000000247,0.03827899999998863,0,,,,,
u1060,threshold_simulation,,,,,,,,,,,,,,,0,use SAT if remaining_iters > T else CPLEX,11.751660178997554,16,1
u1060,threshold_simulation,,,,,,,,,,,,,,,1,use SAT if remaining_iters > T else CPLEX,11.751660178997554,16,1
u1060,threshold_simulation,,,,,,,,,,,,,,,2,use SAT if remaining_iters > T else CPLEX,10.023853397986386,15,2
u1060,threshold_simulation,,,,,,,,,,,,,,,3,use SAT if remaining_iters > T else CPLEX,8.135822607990121,14,3
u1060,threshold_simulation,,,,,,,,,,,,,,,4,use SAT if remaining_iters > T else CPLEX,6.904116418008925,13,4
u1060,threshold_simulation,,,,,,,,,,,,,,,5,use SAT if remaining_iters > T else CPLEX,5.555169888015371,12,5
u1060,threshold_simulation,,,,,,,,,,,,,,,6,use SAT if remaining_iters > T else CPLEX,5.555169888015371,12,5
u1060,threshold_simulation,,,,,,,,,,,,,,,7,use SAT if remaining_iters > T else CPLEX,4.664562411024235,11,6
u1060,threshold_simulation,,,,,,,,,,,,,,,8,use SAT if remaining_iters > T else CPLEX,3.739640403044177,10,7
u1060,threshold_simulation,,,,,,,,,,,,,,,9,use SAT if remaining_iters > T else CPLEX,3.3931711020413786,9,8
u1060,threshold_simulation,,,,,,,,,,,,,,,10,use SAT if remaining_iters > T else CPLEX,2.0181842380261514,8,9
u1060,threshold_simulation,,,,,,,,,,,,,,,11,use SAT if remaining_iters > T else CPLEX,2.179203290026635,7,10
u1060,threshold_simulation,,,,,,,,,,,,,,,12,use SAT if remaining_iters > T else CPLEX,2.37308428902179,6,11
u1060,threshold_simulation,,,,,,,,,,,,,,,13,use SAT if remaining_iters > T else CPLEX,2.5962320980033837,5,12
u1060,threshold_simulation,,,,,,,,,,,,,,,14,use SAT if remaining_iters > T else CPLEX,2.851628692005761,4,13
u1060,threshold_simulation,,,,,,,,,,,,,,,15,use SAT if remaining_iters > T else CPLEX,3.174568875983823,3,14
u1060,threshold_simulation,,,,,,,,,,,,,,,16,use SAT if remaining_iters > T else CPLEX,3.5862711780064274,2,15
u1060,threshold_simulation,,,,,,,,,,,,,,,17,use SAT if remaining_iters > T else CPLEX,3.791831569018541,1,16
u1060,threshold_simulation,,,,,,,,,,,,,,,18,use SAT if remaining_iters > T else CPLEX,4.0066115830268245,0,17
u1060,remaining_iters_summary,18,1,1,0,0,1.0,0.0,0.04002148000290617,0.25765409402083606,0.04002148000290617,0.25765409402083606,0.03975100000002385,0.009421999999915442,0,,,,,
u1060,remaining_iters_summary,17,1,1,0,0,1.0,0.0,0.03146040500723757,0.22491365400492214,0.03146040500723757,0.22491365400492214,0.031204999999999927,0.005844999999965239,0,,,,,
u1060,remaining_iters_summary,16,1,1,0,0,1.0,0.0,0.029486560000805184,0.4363650779996533,0.029486560000805184,0.4363650779996533,0.029229999999984102,0.23875300000003108,0,,,,,
u1060,remaining_iters_summary,15,1,1,0,0,1.0,0.0,0.025350664014695212,0.34699472901411355,0.025350664014695212,0.34699472901411355,0.025103999999998905,0.1632319999999936,0,,,,,
u1060,remaining_iters_summary,14,1,1,0,0,1.0,0.0,0.017419443000108004,0.2677304290118627,0.017419443000108004,0.2677304290118627,0.017168000000026495,0.08782099999996262,0,,,,,
u1060,remaining_iters_summary,13,1,1,0,0,1.0,0.0,0.016874335007742047,0.2172266720153857,0.016874335007742047,0.2172266720153857,0.01663899999999785,0.045237000000042826,0,,,,,
u1060,remaining_iters_summary,12,1,1,0,0,1.0,0.0,0.02436364599270746,0.21857174398610368,0.02436364599270746,0.21857174398610368,0.024129000000016276,0.04399799999998777,0,,,,,
u1060,remaining_iters_summary,11,1,1,0,0,1.0,0.0,0.035834142996463925,0.20580360700841993,0.035834142996463925,0.20580360700841993,0.03556799999995519,0.031791999999995824,0,,,,,
u1060,remaining_iters_summary,10,1,0,1,0,0.0,1.0,0.8801432100008242,0.19572725598118268,0.8801432100008242,0.19572725598118268,0.8798459999999864,0.02275400000002037,0,,,,,
u1060,remaining_iters_summary,9,1,0,1,0,0.0,1.0,0.5776531790033914,0.17328165299841203,0.5776531790033914,0.17328165299841203,0.5773739999999634,0.006715999999983069,0,,,,,
u1060,remaining_iters_summary,8,1,0,1,0,0.0,1.0,1.606251343007898,0.1907093109912239,1.606251343007898,0.1907093109912239,1.6058909999999855,0.021485000000041055,0,,,,,
u1060,remaining_iters_summary,7,1,0,1,0,0.0,1.0,1.6667322629946284,0.21919053100282326,1.6667322629946284,0.21919053100282326,1.6663510000000201,0.04669200000000728,0,,,,,
u1060,remaining_iters_summary,5,1,0,1,0,0.0,1.0,2.0981785570038483,0.19257564301369712,2.0981785570038483,0.19257564301369712,2.097775000000013,0.02429499999999507,0,,,,,
u1060,remaining_iters_summary,4,1,0,1,0,0.0,1.0,1.9985750970081426,0.20782206000876613,1.9985750970081426,0.20782206000876613,1.9981989999999996,0.03771000000000413,0,,,,,
u1060,remaining_iters_summary,3,1,0,1,0,0.0,1.0,1.8916017609881237,0.19775816600304097,1.8916017609881237,0.19775816600304097,1.8912129999999934,0.02684799999997267,0,,,,,
u1060,remaining_iters_summary,2,1,0,1,0,0.0,1.0,1.9400058780156542,0.19526103002135642,1.9400058780156542,0.19526103002135642,1.939579999999978,0.022852000000000317,0,,,,,
u1060,remaining_iters_summary,0,1,0,1,0,0.0,1.0,2.2299899049976375,0.1915492470143363,2.2299899049976375,0.1915492470143363,2.2296180000000163,0.021848000000034062,0,,,,,
u1060,threshold_simulation,,,,,,,,,,,,,,,0,use SAT if remaining_iters > T else CPLEX,13.071501211059513,16,1
u1060,threshold_simulation,,,,,,,,,,,,,,,1,use SAT if remaining_iters > T else CPLEX,13.071501211059513,16,1
u1060,threshold_simulation,,,,,,,,,,,,,,,2,use SAT if remaining_iters > T else CPLEX,11.326756363065215,15,2
u1060,threshold_simulation,,,,,,,,,,,,,,,3,use SAT if remaining_iters > T else CPLEX,9.632912768080132,14,3
u1060,threshold_simulation,,,,,,,,,,,,,,,4,use SAT if remaining_iters > T else CPLEX,7.842159731080756,13,4
u1060,threshold_simulation,,,,,,,,,,,,,,,5,use SAT if remaining_iters > T else CPLEX,5.9365568170906045,12,5
u1060,threshold_simulation,,,,,,,,,,,,,,,6,use SAT if remaining_iters > T else CPLEX,5.9365568170906045,12,5
u1060,threshold_simulation,,,,,,,,,,,,,,,7,use SAT if remaining_iters > T else CPLEX,4.489015085098799,11,6
u1060,threshold_simulation,,,,,,,,,,,,,,,8,use SAT if remaining_iters > T else CPLEX,3.0734730530821253,10,7
u1060,threshold_simulation,,,,,,,,,,,,,,,9,use SAT if remaining_iters > T else CPLEX,2.669101527077146,9,8
u1060,threshold_simulation,,,,,,,,,,,,,,,10,use SAT if remaining_iters > T else CPLEX,1.9846855730575044,8,9
u1060,threshold_simulation,,,,,,,,,,,,,,,11,use SAT if remaining_iters > T else CPLEX,2.1546550370694604,7,10
u1060,threshold_simulation,,,,,,,,,,,,,,,12,use SAT if remaining_iters > T else CPLEX,2.3488631350628566,6,11
u1060,threshold_simulation,,,,,,,,,,,,,,,13,use SAT if remaining_iters > T else CPLEX,2.5492154720705003,5,12
u1060,threshold_simulation,,,,,,,,,,,,,,,14,use SAT if remaining_iters > T else CPLEX,2.799526458082255,4,13
u1060,threshold_simulation,,,,,,,,,,,,,,,15,use SAT if remaining_iters > T else CPLEX,3.1211705230816733,3,14
u1060,threshold_simulation,,,,,,,,,,,,,,,16,use SAT if remaining_iters > T else CPLEX,3.5280490410805214,2,15
u1060,threshold_simulation,,,,,,,,,,,,,,,17,use SAT if remaining_iters > T else CPLEX,3.721502290078206,1,16
u1060,threshold_simulation,,,,,,,,,,,,,,,18,use SAT if remaining_iters > T else CPLEX,3.939134904096136,0,17
u1060,remaining_iters_summary,18,1,1,0,0,1.0,0.0,0.04153862001840025,0.2583377109840512,0.04153862001840025,0.2583377109840512,0.04126300000001493,0.009782999999970343,0,,,,,
u1060,remaining_iters_summary,17,1,1,0,0,1.0,0.0,0.04021161099080928,0.22282551499665715,0.04021161099080928,0.22282551499665715,0.039887000000021544,0.0061519999999859465,0,,,,,
u1060,remaining_iters_summary,16,1,1,0,0,1.0,0.0,0.021129239990841597,0.43444515299052,0.021129239990841597,0.43444515299052,0.02078000000000202,0.23855000000008886,0,,,,,
u1060,remaining_iters_summary,15,1,1,0,0,1.0,0.0,0.029161826998461038,0.3525251180108171,0.029161826998461038,0.3525251180108171,0.028826999999978398,0.16440000000000055,0,,,,,
u1060,remaining_iters_summary,14,1,1,0,0,1.0,0.0,0.020395794010255486,0.2649716119922232,0.020395794010255486,0.2649716119922232,0.02007799999995541,0.0883429999999521,0,,,,,
u1060,remaining_iters_summary,13,1,1,0,0,1.0,0.0,0.019711260014446452,0.21638266000081785,0.019711260014446452,0.21638266000081785,0.019407999999998538,0.04544700000002422,0,,,,,
u1060,remaining_iters_summary,12,1,1,0,0,1.0,0.0,0.020523730985587463,0.2157027290086262,0.020523730985587463,0.2157027290086262,0.020216000000004897,0.044000999999980195,0,,,,,
u1060,remaining_iters_summary,11,1,1,0,0,1.0,0.0,0.02118916399194859,0.20121189701603726,0.02118916399194859,0.20121189701603726,0.020908999999960542,0.03211500000003298,0,,,,,
u1060,remaining_iters_summary,10,1,0,1,0,0.0,1.0,0.519500018999679,0.18779541799449362,0.519500018999679,0.18779541799449362,0.5191449999999804,0.019249999999999545,0,,,,,
u1060,remaining_iters_summary,9,1,0,1,0,0.0,1.0,0.7129474770044908,0.1743821630079765,0.7129474770044908,0.1743821630079765,0.7125839999999926,0.007069000000001324,0,,,,,
u1060,remaining_iters_summary,8,1,0,1,0,0.0,1.0,2.402102977997856,0.18944429900147952,2.402102977997856,0.18944429900147952,2.40166099999999,0.022262999999952626,0,,,,,
u1060,remaining_iters_summary,7,1,0,1,0,0.0,1.0,1.2790102629805915,0.18911569399642758,1.2790102629805915,0.18911569399642758,1.2786350000000084,0.019909999999981665,0,,,,,
u1060,remaining_iters_summary,5,1,0,1,0,0.0,1.0,2.158206142979907,0.19747435697354376,2.158206142979907,0.19747435697354376,2.157763999999986,0.026640999999983705,0,,,,,
u1060,remaining_iters_summary,4,1,1,0,0,1.0,0.0,0.1705528839956969,0.20101297099608928,0.1705528839956969,0.20101297099608928,0.1702460000000201,0.03149400000000924,0,,,,,
u1060,remaining_iters_summary,3,1,0,1,0,0.0,1.0,2.4259673149790615,0.18543603899888694,2.4259673149790615,0.18543603899888694,2.4255419999999503,0.020512999999994008,0,,,,,
u1060,remaining_iters_summary,2,1,0,1,0,0.0,1.0,2.020257397001842,0.20644666301086545,2.020257397001842,0.20644666301086545,2.019753000000037,0.0331820000000107,0,,,,,
u1060,remaining_iters_summary,0,1,0,1,0,0.0,1.0,2.072496451000916,0.18816474699997343,2.072496451000916,0.18816474699997343,2.0720530000000394,0.022942999999997937,0,,,,,
u1060,threshold_simulation,,,,,,,,,,,,,,,0,use SAT if remaining_iters > T else CPLEX,12.090570469939848,16,1
u1060,threshold_simulation,,,,,,,,,,,,,,,1,use SAT if remaining_iters > T else CPLEX,12.090570469939848,16,1
u1060,threshold_simulation,,,,,,,,,,,,,,,2,use SAT if remaining_iters > T else CPLEX,10.276759735948872,15,2
u1060,threshold_simulation,,,,,,,,,,,,,,,3,use SAT if remaining_iters > T else CPLEX,8.036228459968697,14,3
u1060,threshold_simulation,,,,,,,,,,,,,,,4,use SAT if remaining_iters > T else CPLEX,8.06668854696909,13,4
u1060,threshold_simulation,,,,,,,,,,,,,,,5,use SAT if remaining_iters > T else CPLEX,6.1059567609627265,12,5
u1060,threshold_simulation,,,,,,,,,,,,,,,6,use SAT if remaining_iters > T else CPLEX,6.1059567609627265,12,5
u1060,threshold_simulation,,,,,,,,,,,,,,,7,use SAT if remaining_iters > T else CPLEX,5.016062191978563,11,6
u1060,threshold_simulation,,,,,,,,,,,,,,,8,use SAT if remaining_iters > T else CPLEX,2.803403512982186,10,7
u1060,threshold_simulation,,,,,,,,,,,,,,,9,use SAT if remaining_iters > T else CPLEX,2.2648381989856716,9,8
u1060,threshold_simulation,,,,,,,,,,,,,,,10,use SAT if remaining_iters > T else CPLEX,1.9331335979804862,8,9
u1060,threshold_simulation,,,,,,,,,,,,,,,11,use SAT if remaining_iters > T else CPLEX,2.113156331004575,7,10
u1060,threshold_simulation,,,,,,,,,,,,,,,12,use SAT if remaining_iters > T else CPLEX,2.3083353290276136,6,11
u1060,threshold_simulation,,,,,,,,,,,,,,,13,use SAT if remaining_iters > T else CPLEX,2.505006729013985,5,12
u1060,threshold_simulation,,,,,,,,,,,,,,,14,use SAT if remaining_iters > T else CPLEX,2.7495825469959527,4,13
u1060,threshold_simulation,,,,,,,,,,,,,,,15,use SAT if remaining_iters > T else CPLEX,3.072945838008309,3,14
u1060,threshold_simulation,,,,,,,,,,,,,,,16,use SAT if remaining_iters > T else CPLEX,3.486261751007987,2,15
u1060,threshold_simulation,,,,,,,,,,,,,,,17,use SAT if remaining_iters > T else CPLEX,3.668875655013835,1,16
u1060,threshold_simulation,,,,,,,,,,,,,,,18,use SAT if remaining_iters > T else CPLEX,3.885674745979486,0,17
